sequence_id	sequence	v_call	j_call	locus	sequence_vdj
TAGTTGGGTCATGCAT-1_contig_2	CAGGTCCAGTTGGTGCAGTCTGGGGCTGAGGTGAAGAAGCCTGGGTCCTCGGTGAAAGTCTCCTGTAAGGCTTCTGGAGGCACCCTCAGTAATTATGCTGTCAGTTGGGTGCGACAGGCCCCTGGACAGGGCCTTGAGTGGGTTGGAGGAATCATCCCTAAATTTCACATAGTAAATTACGCACCGAAGTTCCAGGGCAGGGTCACGATAACCGCGGACGAATCCACGAGCACAGCCTCCATGGAATTGAGTAGTTTGAGATCTGACGACACGGCCGTCTATTACTGTGCGCGAGGCCTCTATGGTGGCTACGCCGCCCCCAATTTACGTTTCTACATTGACTCGTGGGGCCAGGGAACCCTGGTCACCGTCTCCTCAG	IGHV1-69*12	IGHJ4*02	IGH	CAGGTCCAGTTGGTGCAGTCTGGGGCTGAGGTGAAGAAGCCTGGGTCCTCGGTGAAAGTCTCCTGTAAGGCTTCTGGAGGCACCCTCAGTAATTATGCTGTCAGTTGGGTGCGACAGGCCCCTGGACAGGGCCTTGAGTGGGTTGGAGGAATCATCCCTAAATTTCACATAGTAAATTACGCACCGAAGTTCCAGGGCAGGGTCACGATAACCGCGGACGAATCCACGAGCACAGCCTCCATGGAATTGAGTAGTTTGAGATCTGACGACACGGCCGTCTATTACTGTGCGCGAGGCCTCTATGGTGGCTACGCCGCCCCCAATTTACGTTTCTACATTGACTCGTGGGGCCAGGGAACCCTGGTCACCGTCTCCTCAG
ATAGACCAGGGCATGT-1_contig_2	CAGGTCCAGCTGGTGCAGTCTGGGGCTGAGTTGAAGAAGCCTGGGTCCTCGGTGAAGGTCTCCTGCCAGGCTTCTGGAGGCACCCTCAACAACTATGTAATTGCCTGGGTGCGACAGGCCCCTGGACAGGGGCTTGAGTGGATGGGAGGGATCATCCCTATATTTGGTACAACAGACTACGCACAGAAGTTCCAGGGCAGAGTCACAATTTCCGCGGACGTATCCACGAGCACAGGCTACATGGAGATGAACAGCCTGAGATCTGAGGACACGGCCATTTATTACTGTGCGAGAGGCCTCTATAGTGGCTACGCCGCCCCCAATCTACGTTACTACTTTGACTACTGGGGCCAGGGAACCCTGGTCACCGTCTCCTCAG	IGHV1-69*12	IGHJ4*02	IGH	CAGGTCCAGCTGGTGCAGTCTGGGGCTGAGTTGAAGAAGCCTGGGTCCTCGGTGAAGGTCTCCTGCCAGGCTTCTGGAGGCACCCTCAACAACTATGTAATTGCCTGGGTGCGACAGGCCCCTGGACAGGGGCTTGAGTGGATGGGAGGGATCATCCCTATATTTGGTACAACAGACTACGCACAGAAGTTCCAGGGCAGAGTCACAATTTCCGCGGACGTATCCACGAGCACAGGCTACATGGAGATGAACAGCCTGAGATCTGAGGACACGGCCATTTATTACTGTGCGAGAGGCCTCTATAGTGGCTACGCCGCCCCCAATCTACGTTACTACTTTGACTACTGGGGCCAGGGAACCCTGGTCACCGTCTCCTCAG
ATGGGAGGTGCTTCTC-1_contig_2	CAGGTCCAGCTGGTGCAGTCTGGGGCTGAGGTGAAGAAGCCTGGGTCCTCGGTGAAGGTCTCCTGCAAGGCTTCTGGAGGCACCTTCAGCAGCTATGCTATCAGCTGGGTGCGACAGGCCCCTGGACAAGGGCTTGAGTGGATGGGAGGGATCATCCCTATCTTTGGTACAGCAAACTACGCACAGAAGTTCCAGGGCAGAGTCACGATTACCGCGGACGAATCCACGAGCACAGCCTACATGGAGCTGAGCAGCCTGAGATCTGAGGACACGGCCGTGTATTACTGTGCGAGAACTGGTTCGGGGGGCGGCTTTGACTACTGGGGCCAGGGAACCCTGGTCACCGTCTCCTCAG	IGHV1-69*12	IGHJ4*02	IGH	CAGGTCCAGCTGGTGCAGTCTGGGGCTGAGGTGAAGAAGCCTGGGTCCTCGGTGAAGGTCTCCTGCAAGGCTTCTGGAGGCACCTTCAGCAGCTATGCTATCAGCTGGGTGCGACAGGCCCCTGGACAAGGGCTTGAGTGGATGGGAGGGATCATCCCTATCTTTGGTACAGCAAACTACGCACAGAAGTTCCAGGGCAGAGTCACGATTACCGCGGACGAATCCACGAGCACAGCCTACATGGAGCTGAGCAGCCTGAGATCTGAGGACACGGCCGTGTATTACTGTGCGAGAACTGGTTCGGGGGGCGGCTTTGACTACTGGGGCCAGGGAACCCTGGTCACCGTCTCCTCAG
AAACGGGTCGTACGGC-1_contig_1	CAGGTCCAGCTGGTGCAGTCTGGGGCTGAGGTGAAGAAGCCTGGGTCCTCGGTGAAGGTCTCCTGCAAGGCTTCTGGAGGCAGCTTCACCACCTATGCTATCAGCTGGCTGCGACAGGCCCCTGGACAAGGGCTTGAGTGGATGGGAGGGATCATCCCTATCTTTACTACAGCAAACTACGCACAGAAGTTCCAGGGCAGAGTCACGATTACCGCGTACGAATCCACGAGCACAGTCTATATGGAGCTGAGCAGCCTGAGATCTGAGGACACGGCCGTGTATTACTGTGCGAAAGATCTAAGTGGATACAACTATGGTCAGTACTACTTTGACTACTGGGGCCAGGGAACCCTGGTCACCGTCTCCTCAG	IGHV1-69*12	IGHJ4*02	IGH	CAGGTCCAGCTGGTGCAGTCTGGGGCTGAGGTGAAGAAGCCTGGGTCCTCGGTGAAGGTCTCCTGCAAGGCTTCTGGAGGCAGCTTCACCACCTATGCTATCAGCTGGCTGCGACAGGCCCCTGGACAAGGGCTTGAGTGGATGGGAGGGATCATCCCTATCTTTACTACAGCAAACTACGCACAGAAGTTCCAGGGCAGAGTCACGATTACCGCGTACGAATCCACGAGCACAGTCTATATGGAGCTGAGCAGCCTGAGATCTGAGGACACGGCCGTGTATTACTGTGCGAAAGATCTAAGTGGATACAACTATGGTCAGTACTACTTTGACTACTGGGGCCAGGGAACCCTGGTCACCGTCTCCTCAG
CTGTTTAAGTCTCCTC-1_contig_1	CAGGTCCAGCTGGTGCAGTCTGGGGCTGAGGTGAAGAAGCCTGGGTCCTCGGTGAAGGTCTCCTGCAAGGCTTCTGGAGGCTCCTTCAGTAGTTATGTTTTCAGCTGGGTGCGACAGGCCCCTGGACAAGGGCTTGAGTGGATGGGAGGGACCATCCCTATCTTTGGTACAACAAACTACGCACAGAAGTTCCAGGGCAGAGTCACGATTACCGCGGACGAATCCACGGGCACAGCCTACATGGAGCTGAGCAGCCTGAGATCTGACGACACGGCCGTGTATTACTGTGCGAAGACCTCGATTTATAGTGGCTACGCCTTTTCCCCTTATTACTACTGGGGCCAGGGAACTCTGCTCACCGTCTCCTCAG	IGHV1-69*12	IGHJ4*02	IGH	CAGGTCCAGCTGGTGCAGTCTGGGGCTGAGGTGAAGAAGCCTGGGTCCTCGGTGAAGGTCTCCTGCAAGGCTTCTGGAGGCTCCTTCAGTAGTTATGTTTTCAGCTGGGTGCGACAGGCCCCTGGACAAGGGCTTGAGTGGATGGGAGGGACCATCCCTATCTTTGGTACAACAAACTACGCACAGAAGTTCCAGGGCAGAGTCACGATTACCGCGGACGAATCCACGGGCACAGCCTACATGGAGCTGAGCAGCCTGAGATCTGACGACACGGCCGTGTATTACTGTGCGAAGACCTCGATTTATAGTGGCTACGCCTTTTCCCCTTATTACTACTGGGGCCAGGGAACTCTGCTCACCGTCTCCTCAG
AGGCCGTAGCTAACAA-1_contig_2	CAGGTCCAGCTGGTGCAGTCTGGGGCTGAGGTGAAGAAGCCTGGGTCCTCGGTGAAAGTCTCTTGCAAGCCTTCTGGAGGCTTCTTCACCTACTCTGCTATCAGCTGGGTGCGACAGGCCCCTGGACAAGGGCTTGAGTGGATGGGAGGGCTCATCCCTATCTTTGGTACAGCGACCTACTCACAGAAGTTCCAGGGCAGAGTCACGGTTACCGCGGACGAATCCACGACCACAGTCTACATGGAGCTGAGCAGCCTGAGATCTGAGGACACGGCCGTGTATTACTGTGCGAGAGAGTCGGTGACTACGGGGCCTTATTTTGACTACTGGGGCCAGGGAACCCCGGTCACCGTCCCCCCAG	IGHV1-69*12	IGHJ4*02	IGH	CAGGTCCAGCTGGTGCAGTCTGGGGCTGAGGTGAAGAAGCCTGGGTCCTCGGTGAAAGTCTCTTGCAAGCCTTCTGGAGGCTTCTTCACCTACTCTGCTATCAGCTGGGTGCGACAGGCCCCTGGACAAGGGCTTGAGTGGATGGGAGGGCTCATCCCTATCTTTGGTACAGCGACCTACTCACAGAAGTTCCAGGGCAGAGTCACGGTTACCGCGGACGAATCCACGACCACAGTCTACATGGAGCTGAGCAGCCTGAGATCTGAGGACACGGCCGTGTATTACTGTGCGAGAGAGTCGGTGACTACGGGGCCTTATTTTGACTACTGGGGCCAGGGAACCCCGGTCACCGTCCCCCCAG
TATCAGGAGTGAATTG-1_contig_2	CAGGTCCAGCTGGTGCAGTCTGGGGCTGAGTTGAAGAAGCCTGGGTCCTCGGTGAAGGTCTCCTGCCAGGCTTCTGGAGGCACCCTCAACAACTATGTAATTGCCTGGGTGCGACAGGCCCCTGGACAGGGGCTTGAGTGGATGGGAGGGATCATCCCTATATTTGGTACAACAGACTACGCACAGAAGTTCCAGGGCAGAGTCACAATTTCCGCGGACGTATCCACGAGCACAGGCTACATGGAGATGAACAGCCTGAGATCTGAGGACACGGCCATTTATTACTGTGCGAGAGGCCTCTATAGTGGCTACGCCGCCCCCCATCTACGTTACTACTTTGACTACTGGGGCCAGGGAACCCTGGTCACCGTCTCCTCAG	IGHV1-69*12	IGHJ4*02	IGH	CAGGTCCAGCTGGTGCAGTCTGGGGCTGAGTTGAAGAAGCCTGGGTCCTCGGTGAAGGTCTCCTGCCAGGCTTCTGGAGGCACCCTCAACAACTATGTAATTGCCTGGGTGCGACAGGCCCCTGGACAGGGGCTTGAGTGGATGGGAGGGATCATCCCTATATTTGGTACAACAGACTACGCACAGAAGTTCCAGGGCAGAGTCACAATTTCCGCGGACGTATCCACGAGCACAGGCTACATGGAGATGAACAGCCTGAGATCTGAGGACACGGCCATTTATTACTGTGCGAGAGGCCTCTATAGTGGCTACGCCGCCCCCCATCTACGTTACTACTTTGACTACTGGGGCCAGGGAACCCTGGTCACCGTCTCCTCAG
TGTGGTAGTATCAGTC-1_contig_2	CAGGTCCAGCTGGTGCAGTCTGGGGCTGAGGTGAAGAAGCCTGGGTCCTCGGTGAAGGTCTCCTGCAAGGCTTCTGGGGGCAGCTTCAGCAGCTATGCTATCAACTGGGTGCGACAGGCCCCTGGACAAGGGCTTGAGTGGATGGGAGGCATCATCCCTACTTTTACTACAGCAAACTACGCACAGAAGTTCCAGGGCAGAGTCACGATTACCGCGTACGAATTCATGAGCACAGTCTACATGGAGCTGAGCAGCCTGAGATCTGAGGACGCGGCCATGTATTACTGTGCGAGAGATCCAAGTGGATACAACTATGGTCAGTACTACTTTGACTACTGGGGCCAGGGAACCCTGGTCACCGTCTCCTCAG	IGHV1-69*12	IGHJ4*02	IGH	CAGGTCCAGCTGGTGCAGTCTGGGGCTGAGGTGAAGAAGCCTGGGTCCTCGGTGAAGGTCTCCTGCAAGGCTTCTGGGGGCAGCTTCAGCAGCTATGCTATCAACTGGGTGCGACAGGCCCCTGGACAAGGGCTTGAGTGGATGGGAGGCATCATCCCTACTTTTACTACAGCAAACTACGCACAGAAGTTCCAGGGCAGAGTCACGATTACCGCGTACGAATTCATGAGCACAGTCTACATGGAGCTGAGCAGCCTGAGATCTGAGGACGCGGCCATGTATTACTGTGCGAGAGATCCAAGTGGATACAACTATGGTCAGTACTACTTTGACTACTGGGGCCAGGGAACCCTGGTCACCGTCTCCTCAG
CAGTAACGTTAGATGA-1_contig_2	CAGGTCCAGCTGGTGCAGTCTGCGTCGGAGGTGAAGAAGCCTGGGTCCTCGGTGAAGATCTCTTGCACGGCTTCTGGAGACACCTTCAGGACTTATAGTATCAACTGGGTGCGACAGGCCCCTGGACAAGGGCTTGAGTGGATGGGAGATATCGTCCCTATCTTTCATATAGCAAATTACGCACAGAAGTTCCAGGGCAGAGTCTCGATTACCGCGGACGAATCCACAAGCACAGCCTACATGGAGCTGAGCAGTCTGACATCTGAGGACACGGCCGTTTACTTCTGTGCGAGAGATTACACAATTAAGGCTCCTTATTTTGAATACTGGGGCCAGGGAACCCTGGTCACCGTCTCCTCAG	IGHV1-69*12	IGHJ4*02	IGH	CAGGTCCAGCTGGTGCAGTCTGCGTCGGAGGTGAAGAAGCCTGGGTCCTCGGTGAAGATCTCTTGCACGGCTTCTGGAGACACCTTCAGGACTTATAGTATCAACTGGGTGCGACAGGCCCCTGGACAAGGGCTTGAGTGGATGGGAGATATCGTCCCTATCTTTCATATAGCAAATTACGCACAGAAGTTCCAGGGCAGAGTCTCGATTACCGCGGACGAATCCACAAGCACAGCCTACATGGAGCTGAGCAGTCTGACATCTGAGGACACGGCCGTTTACTTCTGTGCGAGAGATTACACAATTAAGGCTCCTTATTTTGAATACTGGGGCCAGGGAACCCTGGTCACCGTCTCCTCAG
CCTATTAGTGCGATAG-1_contig_2	CAGGTCCAGCTGGTGCAGTCTGGGGCTGAGTTGAAGAAGCCTGGGTCCTCGGTGAAGGTCTCCTGCCAGGCTTCTGGAGGCACCCTCAACAACTATGTAATTGCCTGGGTGCGACAGGCCCCTGGACAGGGGCTTGAGTGGATGGGAGGGATCATCCCTATATTTGGTACAACAGACTACGCACAGAAGTTCCAGGACAGAGTCACAATTTCCGCGGACGTATCCACGAGCACAGGCTACATGGAGATGAACAGCCTGAGATCTGAGGACACGGCCATTTATTACTGTGCGAGAGGCCTCTATAGTGGCTACGCCGCCCCCAATCTACGTTACTACTTTGACTACTGGGGCCAGGGAACCCTGGTCACCGTCTCCTCAG	IGHV1-69*12	IGHJ4*02	IGH	CAGGTCCAGCTGGTGCAGTCTGGGGCTGAGTTGAAGAAGCCTGGGTCCTCGGTGAAGGTCTCCTGCCAGGCTTCTGGAGGCACCCTCAACAACTATGTAATTGCCTGGGTGCGACAGGCCCCTGGACAGGGGCTTGAGTGGATGGGAGGGATCATCCCTATATTTGGTACAACAGACTACGCACAGAAGTTCCAGGACAGAGTCACAATTTCCGCGGACGTATCCACGAGCACAGGCTACATGGAGATGAACAGCCTGAGATCTGAGGACACGGCCATTTATTACTGTGCGAGAGGCCTCTATAGTGGCTACGCCGCCCCCAATCTACGTTACTACTTTGACTACTGGGGCCAGGGAACCCTGGTCACCGTCTCCTCAG
TGTTCCGGTAAGAGAG-1_contig_2	CAGGTCCAGCTGGTGCAGTCTGGGGCTGAGGCGAAGAAGCCTGGGTCCTCGGTGAAGGTCTCCTGCAAGGCTTCTGGAGGCACCTTCAGCAGATATGGTATCAGCTGGGTGCGACAGGCCCCTGGACAAAGGCTTGAGTGGATGGGAGCGATCATCCCCATCTCTGGTAGAGCAAACTACGCACAGAAGTTCCAGGACAGAGTCACGATTACCGCGGACGAATCCACGAGTACAGCCTACATGGAACTGAGCAGCCTGAGATCTGAGGACACGGCCGTGTATTACTGTGCAAGAGATGATGATGAGGAAACAAGTATGGTGGACCTAGACTACTGGGGCCAGGGAACCCTGGTCACCGTCTCCTCAG	IGHV1-69*12	IGHJ4*02	IGH	CAGGTCCAGCTGGTGCAGTCTGGGGCTGAGGCGAAGAAGCCTGGGTCCTCGGTGAAGGTCTCCTGCAAGGCTTCTGGAGGCACCTTCAGCAGATATGGTATCAGCTGGGTGCGACAGGCCCCTGGACAAAGGCTTGAGTGGATGGGAGCGATCATCCCCATCTCTGGTAGAGCAAACTACGCACAGAAGTTCCAGGACAGAGTCACGATTACCGCGGACGAATCCACGAGTACAGCCTACATGGAACTGAGCAGCCTGAGATCTGAGGACACGGCCGTGTATTACTGTGCAAGAGATGATGATGAGGAAACAAGTATGGTGGACCTAGACTACTGGGGCCAGGGAACCCTGGTCACCGTCTCCTCAG
TTCTACAGTAAACCTC-1_contig_2	CAGGTCCAGCTGGTGCAGTCTGGGGCTGAGTTGAAGAAGCCTGGGTCCTCGGTGAAGGTCTCCTGCCAGGCTTCTGGAGGCACCCTCAACAACTATGTAATTGCCTGGGTGCGACAGGCCCCTGGACAGGGGCTTGAGTGGATGGGAGGGATCATCCCTATATTTGGTACAACAGACTACGCACAGAAGTTCCAAGGCAGAGTCACAATTTCCGCGGACGTATCCACGAGCACAGGCTACATGGAGATGAACAGCCTGAGATCTGAGGACACGGCCATTTATTACTGTGCGAGAGGCCTCTATAGTGGCTACGCCGCCCCCAATCTACGTTACTACTTTGACTACTGGGGCCAGGGAACCCTGGTCACCGTCTCCTCAG	IGHV1-69*12	IGHJ4*02	IGH	CAGGTCCAGCTGGTGCAGTCTGGGGCTGAGTTGAAGAAGCCTGGGTCCTCGGTGAAGGTCTCCTGCCAGGCTTCTGGAGGCACCCTCAACAACTATGTAATTGCCTGGGTGCGACAGGCCCCTGGACAGGGGCTTGAGTGGATGGGAGGGATCATCCCTATATTTGGTACAACAGACTACGCACAGAAGTTCCAAGGCAGAGTCACAATTTCCGCGGACGTATCCACGAGCACAGGCTACATGGAGATGAACAGCCTGAGATCTGAGGACACGGCCATTTATTACTGTGCGAGAGGCCTCTATAGTGGCTACGCCGCCCCCAATCTACGTTACTACTTTGACTACTGGGGCCAGGGAACCCTGGTCACCGTCTCCTCAG
AATCGGTAGTTCGATC-1_contig_2	CAGGTCCAGCTGGTGCAGTCTGGGGCTGAGGTGAAGAAGCCTGGGTCCTCGGTGAAGGTCTCCTGCAAGACTTCTGGAGACACCTTCAGCAACTATGTTATTAGTTGGGTGCGACAGGCCCCTGGACAAGGTCTTGAGTGGGTGGGGGGGATCATCCCTATCTTTGGTACAGCGAACTACGCACAGAAGTTCCAGGGCAGAGTCACGATTACCGCGGACGAATCCACGACCACAGCCTACATGGAGCTGACCAGCCTGAGATCTGACGACACGGCCGTCTATTATTGTGCGAGAGGCCTGTATGGTGGCTACGCCGCCCCCAATTTACGTTACTACTTTGACTACTGGGGCCAGGGCTCCCTGGTCACCGTCTCCTCAG	IGHV1-69*12	IGHJ4*02	IGH	CAGGTCCAGCTGGTGCAGTCTGGGGCTGAGGTGAAGAAGCCTGGGTCCTCGGTGAAGGTCTCCTGCAAGACTTCTGGAGACACCTTCAGCAACTATGTTATTAGTTGGGTGCGACAGGCCCCTGGACAAGGTCTTGAGTGGGTGGGGGGGATCATCCCTATCTTTGGTACAGCGAACTACGCACAGAAGTTCCAGGGCAGAGTCACGATTACCGCGGACGAATCCACGACCACAGCCTACATGGAGCTGACCAGCCTGAGATCTGACGACACGGCCGTCTATTATTGTGCGAGAGGCCTGTATGGTGGCTACGCCGCCCCCAATTTACGTTACTACTTTGACTACTGGGGCCAGGGCTCCCTGGTCACCGTCTCCTCAG
